benbaxter,benbaxter@users.noreply.github.com
benbaxter,benbaxter@users.noreply.github.com
benbaxter,benbaxter@users.noreply.github.com
Tobias Dubois,tobias.dubois@gmail.com
Tobias Dubois,tobias.dubois@gmail.com
Tobias Dubois,tobias.dubois@gmail.com
Tobias Dubois,tobias.dubois@gmail.com
Tobias Dubois,tobias.dubois@gmail.com
Benjamin Baxter,benbaxter@google.com
Benjamin Baxter,benbaxter@google.com
Benjamin Baxter,benbaxter@google.com
Benjamin Baxter,benbaxter@google.com
Dmitry Malykhanov,dmalykhanov@google.com
Benjamin Baxter,benbaxter@google.com
benbaxter,benbaxter@users.noreply.github.com
yqritc,yqritc@gmail.com
benbaxter,benbaxter@users.noreply.github.com
Benjamin Baxter,benbaxter@google.com
Danny Preussler,dpreussler@web.de
Benjamin Baxter,benbaxter@google.com
Benjamin Baxter,benbaxter@google.com
Benjamin Baxter,benbaxter@google.com
devrel-build,devrel-build@google.com
Benjamin Baxter,benbaxter@google.com
Benjamin Baxter,benbaxter@google.com
devrel-build,devrel-build@google.com
Benjamin Baxter,benbaxter@google.com
Benjamin Baxter,benbaxter@google.com
Benjamin Baxter,benbaxter@google.com
devrel-build,devrel-build@google.com
Benjamin Baxter,benbaxter@google.com
Benjamin Baxter,benbaxter@google.com
devrel-build,devrel-build@google.com
Benjamin Baxter,benbaxter@google.com
Benjamin Baxter,benbaxter@google.com
Benjamin Baxter,benbaxter@google.com
Benjamin Baxter,benbaxter@google.com
Benjamin Baxter,benbaxter@google.com
Benjamin Baxter,benbaxter@google.com
Nick Felker,fleker@google.com
Nick Felker,fleker@google.com
Nick Felker,fleker@google.com
Nick Felker,fleker@google.com
Nick Felker,fleker@google.com
Nick Felker,fleker@google.com
Sachit Mishra,sachitm@google.com
Nick Felker,fleker@google.com
Nick Felker,fleker@google.com
Nick Felker,fleker@google.com
Nick Felker,fleker@google.com
Nick Felker,fleker@google.com
Nick Felker,fleker@google.com
Nick Felker,fleker@google.com
Nick Felker,fleker@google.com
Nick Felker,fleker@google.com
Nick Felker,fleker@google.com
Nick Felker,fleker@google.com
Ryan Seys,ryan@ryanseys.com
Jaewan Kim,jaewan@google.com
Jaewan Kim,jaewan@google.com
Jaewan Kim,jaewan@google.com
Dmitry Malykhanov,dmalykhanov@google.com
Ryan Seys,ryanseys@google.com
Ryan Seys,ryan@ryanseys.com
Ryan Seys,ryanseys@google.com
Ryan Seys,ryanseys@google.com
Ryan Seys,ryanseys@google.com
Ryan Seys,ryanseys@google.com
Ryan Seys,ryanseys@google.com
Ryan Seys,ryanseys@google.com
Ryan Seys,ryanseys@google.com
Ryan Seys,ryanseys@google.com
Ryan Seys,ryan@ryanseys.com
ogapants,ogapamyu@gmail.com
ogapants,ogapamyu@gmail.com
Ryan Seys,ryanseys@google.com
Ryan Seys,ryanseys@google.com
Ryan Seys,ryan@ryanseys.com
Jaewan Kim,jaewan@google.com
Ryan Seys,ryan@ryanseys.com
The Gitter Badger,badger@gitter.im
Ryan Seys,ryanseys@google.com
Ryan Seys,ryanseys@google.com
devrel-build,devrel-build@google.com
Ryan Seys,ryan@ryanseys.com
Fung LAM,seventhmoon@users.noreply.github.com
Fung LAM,seventhmoon@users.noreply.github.com
Ryan Seys,ryanseys@google.com
Ryan Seys,ryanseys@google.com
Ryan Seys,ryanseys@google.com
Ryan Seys,ryanseys@google.com
Ryan Seys,ryanseys@google.com
Ryan Seys,ryanseys@google.com
Ryan Seys,ryanseys@google.com
Ryan Seys,ryanseys@google.com
Ryan Seys,ryanseys@google.com
Ryan Seys,ryanseys@google.com
Ryan Seys,ryanseys@google.com
Ryan Seys,ryanseys@google.com
Ryan Seys,ryanseys@google.com
Ryan Seys,ryanseys@google.com
Ryan Seys,ryanseys@google.com
Ryan Seys,ryanseys@google.com
Ryan Seys,ryan@ryanseys.com
Fung LAM,seventhmoon@users.noreply.github.com
Ryan Seys,ryan@ryanseys.com
Fung LAM,seventhmoon@users.noreply.github.com
Ryan Seys,ryanseys@google.com
Ryan Seys,ryanseys@google.com
Ryan Seys,ryanseys@google.com
Dmitry Malykhanov,dmalykhanov@google.com
Dmitry Malykhanov,dmalykhanov@google.com
Dmitry Malykhanov,dmalykhanov@google.com
Ryan Seys,ryanseys@google.com
Ryan Seys,ryanseys@google.com
Ryan Seys,ryanseys@google.com
Ryan Seys,ryan@ryanseys.com
Ryan Seys,ryanseys@google.com
Ryan Seys,ryan@ryanseys.com
Seventh Moon,seventhmoon@users.noreply.github.com
Seventh Moon,seventhmoon@users.noreply.github.com
Ryan Seys,ryanseys@google.com
Ryan Seys,ryanseys@google.com
Ryan Seys,ryanseys@google.com
Ryan Seys,ryanseys@google.com
Google Automerger,devrel-build@google.com
Ryan Seys,ryan@ryanseys.com
Seventh Moon,seventhmoon@users.noreply.github.com
Dmitry Malykhanov,dmalykhanov@google.com
Dmitry Malykhanov,dmalykhanov@google.com
Dmitry Malykhanov,dmalykhanov@google.com
Dmitry Malykhanov,dmalykhanov@google.com
Dmitry Malykhanov,dmalykhanov@google.com
Dmitry Malykhanov,dmalykhanov@google.com
Shawn Shen,shawnshen@google.com
Ryan Seys,ryan@ryanseys.com
Ryan Seys,ryan@ryanseys.com
Ryan Seys,ryanseys@google.com
Dmitry Malykhanov,dmalykhanov@google.com
shawn shen,shawnshen@google.com
shawn shen,shawnshen@google.com
Ryan Seys,ryan@ryanseys.com
Trevor Mack,tmack@groupon.com
Trevor Mack,tmack@groupon.com
Shawn S.,sxshen@gmail.com
Shawn S.,sxshen@gmail.com
Shawn S.,sxshen@gmail.com
Shawn S.,sxshen@gmail.com
Marc Baechinger,bachinger@google.com
Marc Baechinger,bachinger@google.com
Shawn S.,sxshen@gmail.com
Marc Baechinger,bachinger@google.com
Shawn S.,sxshen@gmail.com
Marc Baechinger,bachinger@google.com
Marc Baechinger,bachinger@google.com
Marc Baechinger,bachinger@google.com
Marc Baechinger,bachinger@google.com
Marc Baechinger,bachinger@google.com
Marc Baechinger,bachinger@google.com
Marc Baechinger,bachinger@google.com
Marc Baechinger,bachinger@google.com
Marc Baechinger,bachinger@google.com
shawn shen,shawnshen@google.com
Shawn S.,sxshen@gmail.com
shawn shen,shawnshen@google.com
Trevor Mack,tmack@groupon.com
shawn shen,shawnshen@google.com
shawn shen,shawnshen@google.com
shawn shen,shawnshen@google.com
shawn shen,shawnshen@google.com
Dmitry Malykhanov,dmalykhanov@google.com
shawn shen,shawnshen@google.com
Peng Ying,peng.ying@gmail.com
Daniel Frey,dfrey@knoll.com
shawn shen,shawnshen@google.com
Shawn S.,sxshen@gmail.com
shawn shen,shawnshen@google.com
shawn shen,shawnshen@google.com
shawn shen,shawnshen@google.com
shawn shen,shawnshen@google.com
shawn shen,shawnshen@google.com
Google Automerger,devrel-build@google.com
Shawn S.,sxshen@gmail.com
cartland,c.cartland@gmail.com
Peng Ying,peng.ying@gmail.com
Peng Ying,peng.ying@gmail.com
Marc Baechinger,bachinger@google.com
Marc Baechinger,bachinger@google.com
Marc Baechinger,bachinger@google.com
Peng Ying,peng.ying@gmail.com
cartland,c.cartland@gmail.com
Peng Ying,peng.ying@gmail.com
Peng Ying,peng.ying@gmail.com
cartland,c.cartland@gmail.com
Marc Bächinger,marc.baechinger@gmail.com
Peng Ying,pying@google.com
Peng Ying,pying@google.com
Peng Ying,pying@google.com
Peng Ying,pying@google.com
Peng Ying,pying@google.com
Peng Ying,pying@google.com
Peng Ying,pying@google.com
Peng Ying,pying@google.com
Peng Ying,pying@google.com
Peng Ying,pying@google.com
Peng Ying,peng.ying@gmail.com
cartland,c.cartland@gmail.com
cartland,c.cartland@gmail.com
cartland,c.cartland@gmail.com
cartland,c.cartland@gmail.com
cartland,c.cartland@gmail.com
cartland,c.cartland@gmail.com
cartland,c.cartland@gmail.com
cartland,c.cartland@gmail.com
cartland,c.cartland@gmail.com
cartland,c.cartland@gmail.com
cartland,c.cartland@gmail.com
cartland,c.cartland@gmail.com
cartland,c.cartland@gmail.com
Maru Ahues,mahues@mahues-macpro.roam.corp.google.com
Maru Ahues,mahues@mahues-macpro.roam.corp.google.com
Marc Bächinger,marc.baechinger@gmail.com
Marc Bächinger,marc.baechinger@gmail.com
Marc Bächinger,marc.baechinger@gmail.com
Marc Bächinger,marc.baechinger@gmail.com
Xavier Hallade,xh@novetys.com
Trevor Johns,trevorjohns@google.com
Shawn S.,sxshen@gmail.com
Dmitry Malykhanov,d.malykhanov.github@gmail.com
Trevor Johns,trevorjohns@google.com
Shawn S.,sxshen@gmail.com
cartland,c.cartland@gmail.com
cartland,c.cartland@gmail.com
Trevor Johns,trevorjohns@google.com
Shawn S.,sxshen@gmail.com
Trevor Johns,trevorjohns@google.com
Shawn S.,sxshen@gmail.com
Shawn S.,sxshen@gmail.com
Shawn S.,sxshen@gmail.com
Shawn S.,sxshen@gmail.com
Shawn S.,sxshen@gmail.com
cartland,c.cartland@gmail.com
Trevor Johns,trevorjohns@google.com
shawn shen,shawnshen@google.com
shawn shen,shawnshen@google.com
shawn shen,shawnshen@google.com
Shawn S.,sxshen@gmail.com
shawn shen,shawnshen@google.com
shawn shen,shawnshen@google.com
shawn shen,shawnshen@google.com
shawn shen,shawnshen@google.com
shawn shen,shawnshen@google.com
shawn,sxshen@gmail.com
shawn,sxshen@gmail.com
shawn,sxshen@gmail.com
shawn,sxshen@gmail.com
shawn,sxshen@gmail.com
Chris Cartland,c.cartland@gmail.com
Chris Cartland,c.cartland@gmail.com
Chris Cartland,c.cartland@gmail.com
Chris Cartland,c.cartland@gmail.com
Chris Cartland,c.cartland@gmail.com
Chris Cartland,c.cartland@gmail.com
Chris Cartland,c.cartland@gmail.com
Chris Cartland,c.cartland@gmail.com
Shawn S.,sxshen@gmail.com
Shawn S.,sxshen@gmail.com
Shawn S.,sxshen@gmail.com
David Carver,d_a_carver@yahoo.com
Naoki Ishihara,naoki@google.com
Naoki Ishihara,naoki@google.com
