Ben Johns,baj@google.com
Ben Johns,baj@google.com
Ben Johns,baj@google.com
Ben Johns,baj@baj-macbookpro1.roam.corp.google.com
Ben Johns,baj@baj-macbookpro1.roam.corp.google.com
Yulong Liu,lyl890808@gmail.com
Adam Hurwitz,adamscotthurwitz@gmail.com
Benjamin Johns,baj@google.com
Benjamin Johns,bjohns@alumni.usc.edu
pchx,pchx@users.noreply.github.com
pchx,pchx@users.noreply.github.com
Bhargav Mogra,bhargavms@users.noreply.github.com
pchx,pchx@users.noreply.github.com
pchx,pchx@users.noreply.github.com
pchx,pchx@users.noreply.github.com
Paul Chang,paulchang@google.com
pchx,pchx@users.noreply.github.com
Benjamin Johns,baj@google.com
Benjamin Johns,bjohns@alumni.usc.edu
paolorotolo,paolorotolo@ubuntu.com
Ben Johns,baj@google.com
Ben Johns,baj@google.com
Ben Johns,baj@google.com
pchx,pchx@users.noreply.github.com
pchx,pchx@users.noreply.github.com
ragdroid,garima.my.way@gmail.com
Ben Johns,baj@google.com
Paul McCartney,mccartney@google.com
Marat Talipov,morion.self@gmail.com
Clayton Wilkinson,wilkinsonclay@google.com
Clayton Wilkinson,wilkinsonclay@google.com
Clayton Wilkinson,wilkinsonclay@google.com
Clayton Wilkinson,wilkinsonclay@google.com
Paul McCartney,mccartney@google.com
Paul McCartney,mccartney@google.com
Paul McCartney,mccartney@google.com
Clayton Wilkinson,claywilkinson@users.noreply.github.com
Ota Mares,ota.mares@gmail.com
Clayton Wilkinson,claywilkinson@users.noreply.github.com
Gergely Kőrössy,korossyg@gmail.com
Clayton Wilkinson,claywilkinson@users.noreply.github.com
Gergely Kőrössy,korossyg@gmail.com
Gergely Kőrössy,korossyg@gmail.com
Clayton Wilkinson,wilkinsonclay@google.com
Clayton Wilkinson,wilkinsonclay@google.com
Paul McCartney,mccartney@google.com
Clayton Wilkinson,wilkinsonclay@google.com
Clayton Wilkinson,wilkinsonclay@google.com
Clayton Wilkinson,wilkinsonclay@google.com
Clayton Wilkinson,wilkinsonclay@google.com
Paul McCartney,mccartney@google.com
Clayton Wilkinson,wilkinsonclay@google.com
Clayton Wilkinson,wilkinsonclay@google.com
Clayton Wilkinson,wilkinsonclay@google.com
Clayton Wilkinson,wilkinsonclay@google.com
Clayton Wilkinson,claywilkinson@users.noreply.github.com
Clayton Wilkinson,claywilkinson@users.noreply.github.com
David Darrell,david.darrell@gmail.com
Gonzalo Fernández,gonzalo.fernandez@mo2o.com
Clayton Wilkinson,wilkinsonclay@google.com
Paul McCartney,mccartney@google.com
Paul McCartney,mccartney@google.com
Paul McCartney,mccartney@google.com
repo sync -c -j8,mbridges@google.com
Paul McCartney,mccartney@google.com
Clayton Wilkinson,wilkinsonclay@google.com
repo sync -c -j8,mbridges@google.com
Paul McCartney,mccartney@google.com
Clayton Wilkinson,wilkinsonclay@google.com
Paul McCartney,mccartney@google.com
Paul McCartney,mccartney@google.com
Paul McCartney,mccartney@google.com
Paul McCartney,mccartney@google.com
Clayton Wilkinson,wilkinsonclay@google.com
Clayton Wilkinson,wilkinsonclay@google.com
Naoki Ishihara,naoki@google.com
