yuemingw,yuemingw@google.com
yuemingw,yuemingw@google.com
android-build-team Robot,android-build-team-robot@google.com
yuemingw,yuemingw@google.com
android-build-team Robot,android-build-team-robot@google.com
yuemingw,yuemingw@google.com
android-build-team Robot,android-build-team-robot@google.com
yuemingw,yuemingw@google.com
android-build-team Robot,android-build-team-robot@google.com
TreeHugger Robot,treehugger-gerrit@google.com
yuemingw,yuemingw@google.com
Eran Messeri,eranm@google.com
Yueming Wang,yuemingw@google.com
yuemingw,yuemingw@google.com
Irina Dumitrescu,irinaid@google.com
Irina Dumitrescu,irinaid@google.com
yuemingw,yuemingw@google.com
android-build-team Robot,android-build-team-robot@google.com
yuemingw,yuemingw@google.com
Tony Mak,tonymak@google.com
android-build-team Robot,android-build-team-robot@google.com
Rubin Xu,rubinxu@google.com
yuemingw,yuemingw@google.com
repo sync -j8,tonymak@google.com
repo sync -j8,tonymak@google.com
TreeHugger Robot,treehugger-gerrit@google.com
repo sync -j8,tonymak@google.com
Rubin Xu,rubinxu@google.com
Lenka Trochtova,ltrochtova@google.com
repo sync -j8,tonymak@google.com
Benjamin Franz,bfranz@google.com
yuemingw,yuemingw@google.com
Benjamin Franz,bfranz@google.com
repo sync -j8,tonymak@google.com
Tony Mak,tonymak@google.com
Rubin Xu,rubinxu@google.com
yuemingw,yuemingw@google.com
repo sync -j8,tonymak@google.com
repo sync -j8,tonymak@google.com
repo sync -j8,tonymak@google.com
TreeHugger Robot,treehugger-gerrit@google.com
arangelov,arangelov@google.com
Tony Mak,tonymak@google.com
Tony Mak,tonymak@google.com
android-build-team Robot,android-build-team-robot@google.com
repo sync -j8,tonymak@google.com
android-build-team Robot,android-build-team-robot@google.com
repo sync -j8,tonymak@google.com
repo sync -j8,tonymak@google.com
TreeHugger Robot,treehugger-gerrit@google.com
Alex Chau,alexchau@google.com
Alex Chau,alexchau@google.com
yuemingw,yuemingw@google.com
android-build-team Robot,android-build-team-robot@google.com
Benjamin Franz,bfranz@google.com
Benjamin Franz,bfranz@google.com
Tony Mak,tonymak@google.com
Pavel Grafov,pgrafov@google.com
Pavel Grafov,pgrafov@google.com
Alex Chau,alexchau@google.com
TreeHugger Robot,treehugger-gerrit@google.com
Eran Messeri,eranm@google.com
Vladislav Kuzkokov,vkuzkokov@google.com
Yueming Wang,yuemingw@google.com
yuemingw,yuemingw@google.com
Pavel Grafov,pgrafov@google.com
Tony Mak,tonymak@google.com
TreeHugger Robot,treehugger-gerrit@google.com
arangelov,arangelov@google.com
TreeHugger Robot,treehugger-gerrit@google.com
TreeHugger Robot,treehugger-gerrit@google.com
TreeHugger Robot,treehugger-gerrit@google.com
yuemingw,yuemingw@google.com
Lenka Trochtova,ltrochtova@google.com
Antoan Angelov,arangelov@google.com
Tony Mak,tonymak@google.com
arangelov,arangelov@google.com
Rubin Xu,rubinxu@google.com
yuemingw,yuemingw@google.com
TreeHugger Robot,treehugger-gerrit@google.com
Eran Messeri,eranm@google.com
Jason Monk,jmonk@google.com
TreeHugger Robot,treehugger-gerrit@google.com
Tony Mak,tonymak@google.com
arangelov,arangelov@google.com
Alex Chau,alexchau@google.com
Sudheer Shanka,sudheersai@google.com
Antoan Angelov,arangelov@google.com
arangelov,arangelov@google.com
yuemingw,yuemingw@google.com
Antoan Angelov,arangelov@google.com
arangelov,arangelov@google.com
yuemingw,yuemingw@google.com
Sudheer Shanka,sudheersai@google.com
TreeHugger Robot,treehugger-gerrit@google.com
yuemingw,yuemingw@google.com
Tony Mak,tonymak@google.com
Vladislav Kuzkokov,vkuzkokov@google.com
Alex Chau,alexchau@google.com
TreeHugger Robot,treehugger-gerrit@google.com
TreeHugger Robot,treehugger-gerrit@google.com
Alex Chau,alexchau@google.com
Naomi Musgrave,nmusgrave@google.com
Alex Chau,alexchau@google.com
TreeHugger Robot,treehugger-gerrit@google.com
Vladislav Kuzkokov,vkuzkokov@google.com
Alex Chau,alexchau@google.com
Rubin Xu,rubinxu@google.com
Naomi Musgrave,nmusgrave@google.com
Naomi Musgrave,nmusgrave@google.com
Tony Mak,tonymak@google.com
TreeHugger Robot,treehugger-gerrit@google.com
Alex Chau,alexchau@google.com
TreeHugger Robot,treehugger-gerrit@google.com
Tony Mak,tonymak@google.com
yuemingw,yuemingw@google.com
Alex Chau,alexchau@google.com
Alex Chau,alexchau@google.com
Alex Chau,alexchau@google.com
Alex Chau,alexchau@google.com
TreeHugger Robot,treehugger-gerrit@google.com
Alex Chau,alexchau@google.com
Alex Chau,alexchau@google.com
TreeHugger Robot,treehugger-gerrit@google.com
Alex Chau,alexchau@google.com
Alex Chau,alexchau@google.com
Andrew Scull,ascull@google.com
Tony Mak,tonymak@google.com
Pavel Grafov,pgrafov@google.com
Tony Mak,tonymak@google.com
Andrew Scull,ascull@google.com
android-build-team Robot,android-build-team-robot@google.com
Andrew Scull,ascull@google.com
Andrew Scull,ascull@google.com
android-build-team Robot,android-build-team-robot@google.com
Andrew Scull,ascull@google.com
Andrew Scull,ascull@google.com
Charles He,qiurui@google.com
Charles He,qiurui@google.com
Charles He,qiurui@google.com
Charles He,qiurui@google.com
Charles He,qiurui@google.com
TreeHugger Robot,treehugger-gerrit@google.com
Tony Mak,tonymak@google.com
Tony Mak,tonymak@google.com
TreeHugger Robot,treehugger-gerrit@google.com
Tony Mak,tonymak@google.com
Tony Mak,tonymak@google.com
Jason Bayton,jason@bayton.org
Tony Mak,tonymak@google.com
Tony Mak,tonymak@google.com
Tony Mak,tonymak@google.com
Tony Mak,tonymak@google.com
Tony Mak,tonymak@google.com
Tony Mak,tonymak@google.com
Tony Mak,tonymak@google.com
TreeHugger Robot,treehugger-gerrit@google.com
Andrew Scull,ascull@google.com
Lenka Trochtova,ltrochtova@google.com
Andrew Scull,ascull@google.com
Andrew Scull,ascull@google.com
Lenka Trochtova,ltrochtova@google.com
Andrew Scull,ascull@google.com
Andrew Scull,ascull@google.com
Andrew Scull,ascull@google.com
android-build-team Robot,android-build-team-robot@google.com
Andrew Scull,ascull@google.com
Andrew Scull,ascull@google.com
Tony Mak,ming030890@gmail.com
Robin Lee,hex539@users.noreply.github.com
Tony Mak,tonymak@google.com
Tony Mak,tonymak@google.com
Tony Mak,tonymak@google.com
Tony Mak,tonymak@google.com
Alexandru-Andrei Rotaru,rotaru@google.com
Tony Mak,tonymak@google.com
Andrew Scull,ascull@google.com
Andrew Scull,ascull@google.com
android-build-team Robot,android-build-team-robot@google.com
Tony Mak,tonymak@google.com
Andrew Scull,ascull@google.com
Andrew Scull,ascull@google.com
android-build-team Robot,android-build-team-robot@google.com
Andrew Scull,ascull@google.com
Andrew Scull,ascull@google.com
Andrew Scull,ascull@google.com
Andrew Scull,ascull@google.com
Andrew Scull,ascull@google.com
Tony Mak,tm.android.apps@gmail.com
Tony Mak,tm.android.apps@gmail.com
android-build-team Robot,android-build-team-robot@google.com
Andrew Scull,ascull@google.com
Tony Mak,tm.android.apps@gmail.com
Andrew Scull,ascull@google.com
Kenny Guy,kennyguy@google.com
Kenny Guy,kennyguy@google.com
Tony Mak,ming030890@gmail.com
Andrew Scull,ascull@google.com
android-build-team Robot,android-build-team-robot@google.com
Andrew Scull,ascull@google.com
Andrew Scull,ascull@google.com
TreeHugger Robot,treehugger-gerrit@google.com
Andrew Scull,ascull@google.com
Andrew Scull,ascull@google.com
Andrew Scull,ascull@google.com
Tony Mak,tonymak@google.com
Andrew Scull,ascull@google.com
Andrew Scull,ascull@google.com
Andrew Scull,ascull@google.com
Andrew Scull,ascull@google.com
Tony Mak,tonymak@google.com
Tony Mak,tonymak@google.com
Tony Mak,tonymak@google.com
Jakub Gielzak,jgielzak@google.com
android-build-team Robot,android-build-team-robot@google.com
android-build-team Robot,android-build-team-robot@google.com
android-build-team Robot,android-build-team-robot@google.com
Andrew Scull,ascull@google.com
Tony Mak,tonymak@google.com
Tony Mak,tonymak@google.com
Tony Mak,tonymak@google.com
TreeHugger Robot,treehugger-gerrit@google.com
Jakub Gielzak,jgielzak@google.com
Tony Mak,tonymak@google.com
Tony Mak,tonymak@google.com
TreeHugger Robot,treehugger-gerrit@google.com
Jakub Gielzak,jgielzak@google.com
Tony Mak,tonymak@google.com
Tony Mak,tonymak@google.com
Tony Mak,tonymak@google.com
Tony Mak,tonymak@google.com
Tony Mak,tonymak@google.com
Andrew Scull,ascull@google.com
Tony Mak,tonymak@google.com
Tony Mak,tonymak@google.com
Tony Mak,tonymak@google.com
Andrew Scull,ascull@google.com
TreeHugger Robot,treehugger-gerrit@google.com
Tony Mak,tonymak@google.com
TreeHugger Robot,treehugger-gerrit@google.com
Rubin Xu,rubinxu@google.com
TreeHugger Robot,treehugger-gerrit@google.com
Tony Mak,tonymak@google.com
Andrew Scull,ascull@google.com
Tony Mak,tonymak@google.com
Tony Mak,tonymak@google.com
gitbuildkicker,android-build@google.com
gitbuildkicker,android-build@google.com
Andrew Scull,ascull@google.com
TreeHugger Robot,treehugger-gerrit@google.com
gitbuildkicker,android-build@google.com
gitbuildkicker,android-build@google.com
TreeHugger Robot,treehugger-gerrit@google.com
Andrew Scull,ascull@google.com
Andrew Scull,ascull@google.com
Andrew Scull,ascull@google.com
Tony Mak,tonymak@google.com
Kenny Guy,kennyguy@google.com
Kenny Guy,kennyguy@google.com
Alex Chau,alexchau@google.com
Rubin Xu,rubinxu@google.com
TreeHugger Robot,treehugger-gerrit@google.com
Tony Mak,tonymak@google.com
Esteban Talavera,etalavera@google.com
Esteban Talavera,etalavera@google.com
Esteban Talavera,etalavera@google.com
Andrew Scull,ascull@google.com
Esteban Talavera,etalavera@google.com
Esteban Talavera,etalavera@google.com
Benjamin Franz,bfranz@google.com
Andrew Scull,ascull@google.com
Andrew Scull,ascull@google.com
Andrew Scull,ascull@google.com
Andrew Scull,ascull@google.com
Benjamin Franz,bfranz@google.com
Tony Mak,tonymak@google.com
Charles He,qiurui@google.com
TreeHugger Robot,treehugger-gerrit@google.com
Andrew Scull,ascull@google.com
Michal Karpinski,mkarpinski@google.com
Charles He,qiurui@google.com
Nicolas Prevot,nprevot@google.com
Edman Anjos,edmanp@google.com
Pavel Grafov,pgrafov@google.com
Andrew Scull,ascull@google.com
Andrew Scull,ascull@google.com
TreeHugger Robot,treehugger-gerrit@google.com
Robin Lee,rgl@google.com
Robin Lee,rgl@google.com
Robin Lee,rgl@google.com
Bartosz Fabianowski,bartfab@google.com
Andrew Scull,ascull@google.com
Esteban Talavera,etalavera@google.com
Tony Mak,tonymak@google.com
Robin Lee,rgl@google.com
Robin Lee,rgl@google.com
Andrew Scull,ascull@google.com
Andrew Scull,ascull@google.com
Esteban Talavera,etalavera@google.com
TreeHugger Robot,treehugger-gerrit@google.com
Andrew Scull,ascull@google.com
Esteban Talavera,etalavera@google.com
TreeHugger Robot,treehugger-gerrit@google.com
Michal Karpinski,mkarpinski@google.com
Makoto Onuki,omakoto@google.com
Michal Karpinski,mkarpinski@google.com
Victor Chang,vichang@google.com
Esteban Talavera,etalavera@google.com
Esteban Talavera,etalavera@google.com
Esteban Talavera,etalavera@google.com
Lenka Trochtova,ltrochtova@google.com
Andrew Scull,ascull@google.com
Andrew Scull,ascull@google.com
Nicolas Prévot,nprevot@google.com
Victor Chang,vichang@google.com
Nicolas Prevot,nprevot@google.com
Nicolas Prévot,nprevot@google.com
Victor Chang,vichang@google.com
Nicolas Prevot,nprevot@google.com
Justin Klaassen,justinklaassen@google.com
Victor Chang,vichang@google.com
Tony Mak,tonymak@google.com
Tony Mak,tonymak@google.com
Tony Mak,tonymak@google.com
Tony Mak,tonymak@google.com
Bartosz Fabianowski,bartfab@google.com
Bartosz Fabianowski,bartfab@google.com
Tony Mak,tonymak@google.com
Tony Mak,tonymak@google.com
Tony Mak,tonymak@google.com
Tony Mak,tonymak@google.com
Tony Mak,tonymak@google.com
Andrew Scull,ascull@google.com
Tony Mak,tonymak@google.com
Michal Karpinski,mkarpinski@google.com
Michal Karpinski,mkarpinski@google.com
Michal Karpinski,mkarpinski@google.com
Andrew Scull,ascull@google.com
Andrew Scull,ascull@google.com
Andrew Scull,ascull@google.com
Andrew Scull,ascull@google.com
Andrew Scull,ascull@google.com
Andrew Scull,ascull@google.com
Andrew Scull,ascull@google.com
Andrew Scull,ascull@google.com
Andrew Scull,ascull@google.com
Andrew Scull,ascull@google.com
Andrew Scull,ascull@google.com
Tony Mak,tonymak@google.com
Tony Mak,tonymak@google.com
Tony Mak,tonymak@google.com
Tony Mak,tonymak@google.com
Tony Mak,tonymak@google.com
Tony Mak,tonymak@google.com
Tony Mak,tonymak@google.com
Tony Mak,tonymak@google.com
Tony Mak,tonymak@google.com
Alex Chau,alexchau@google.com
Robin Lee,rgl@google.com
Andrew Scull,ascull@google.com
Andrew Scull,ascull@google.com
Andrew Scull,ascull@google.com
Andrew Scull,ascull@google.com
Andrew Scull,ascull@google.com
Andrew Scull,ascull@google.com
Andrew Scull,ascull@google.com
Andrew Scull,ascull@google.com
Andrew Scull,ascull@google.com
Tony Mak,tonymak@google.com
Andrew Scull,ascull@google.com
Andrew Scull,ascull@google.com
Tony Mak,tonymak@google.com
Tony Mak,tonymak@google.com
Andrew Scull,ascull@google.com
Tony Mak,tonymak@google.com
Andrew Scull,ascull@google.com
Rubin Xu,rubinxu@google.com
Tony Mak,tonymak@google.com
Andrew Scull,ascull@google.com
Rubin Xu,rubinxu@google.com
Andrew Scull,ascull@google.com
Andrew Scull,ascull@google.com
Andrew Scull,ascull@google.com
Andrew Scull,ascull@google.com
Andrew Scull,ascull@google.com
Victor Chang,vichang@google.com
Andrew Scull,ascull@google.com
André Lago,andrelago@google.com
Andre Lago,andrelago@google.com
Andrew Scull,ascull@google.com
Fred Aoustin,faoustin@google.com
Tony Mak,tonymak@google.com
Tony Mak,tonymak@google.com
Robin Lee,rgl@google.com
Tony Mak,tonymak@google.com
Tony Mak,tonymak@google.com
Tony Mak,tonymak@google.com
Robin Lee,rgl@google.com
Tony Mak,tonymak@google.com
Tony Mak,tonymak@google.com
Tony Mak,tonymak@google.com
Tony Mak,tonymak@google.com
Tony Mak,tonymak@google.com
Tony Mak,tonymak@google.com
Tony Mak,tonymak@google.com
Tony Mak,tonymak@google.com
David Peacock,davidpeacock@google.com
David Peacock,davidpeacock@google.com
David Peacock,davidpeacock@google.com
Tony Mak,tonymak@google.com
Tony Mak,tonymak@google.com
David Peacock,davidpeacock@google.com
Tony Mak,tonymak@google.com
Tony Mak,tonymak@google.com
Tony Mak,tonymak@google.com
Robin Lee,rgl@google.com
Tony Mak,tonymak@google.com
Kenny Guy,kennyguy@google.com
Tony Mak,tonymak@google.com
Tony Mak,tonymak@google.com
Tony Mak,tonymak@google.com
Tony Mak,tonymak@google.com
Tony Mak,tonymak@google.com
Tony Mak,tonymak@google.com
Tony Mak,tonymak@google.com
Tony Mak,tonymak@google.com
Tony Mak,tonymak@google.com
Tony Mak,tonymak@google.com
Tony Mak,tonymak@google.com
Tony Mak,tonymak@google.com
Tony Mak,tonymak@google.com
Tony Mak,tonymak@google.com
Tony Mak,tonymak@google.com
Tony Mak,tonymak@google.com
Tony Mak,tonymak@google.com
Tony Mak,tonymak@google.com
The Android Automerger,android-build@google.com
Tony Mak,tonymak@google.com
Tony Mak,tonymak@google.com
David Peacock,davidpeacock@google.com
Tony Mak,tonymak@google.com
David Peacock,davidpeacock@google.com
Tony Mak,tonymak@google.com
Tony Mak,tonymak@google.com
Tony Mak,tonymak@google.com
Tony Mak,tonymak@google.com
Tony Mak,tonymak@google.com
Tony Mak,tonymak@google.com
Tony Mak,tonymak@google.com
Tony Mak,tonymak@google.com
Tony Mak,tonymak@google.com
Tony Mak,tonymak@google.com
The Android Automerger,android-build@google.com
Robin Lee,rgl@google.com
Tony Mak,tonymak@google.com
Tony Mak,tonymak@google.com
The Android Automerger,android-build@google.com
Oleksandr Peletskyi,peletskyi@google.com
Tony Mak,tm.android.apps@gmail.com
Tony Mak,tonymak@google.com
Tony Mak,tonymak@google.com
Tony Mak,tonymak@google.com
Michal Karpinski,mkarpinski@google.com
Michal Karpinski,mkarpinski@google.com
Victor Chang,vichang@google.com
Tony Mak,tonymak@google.com
Tony Mak,tonymak@google.com
Robin Lee,rgl@google.com
Benjamin Franz,bfranz@google.com
Tony Mak,tonymak@google.com
Tony Mak,tonymak@google.com
Sudheer Shanka,sudheersai@google.com
Andrei Stingaceanu,stg@google.com
Sudheer Shanka,sudheersai@google.com
Tony Mak,tonymak@google.com
Tony Mak,tonymak@google.com
Tony Mak,tonymak@google.com
David Peacock,davidpeacock@google.com
David Peacock,davidpeacock@google.com
Sudheer Shanka,sudheersai@google.com
Victor Chang,vichang@google.com
Victor Chang,vichang@google.com
Ricky Wai,rickywai@google.com
Ricky Wai,rickywai@google.com
Sudheer Shanka,sudheersai@google.com
Michal Karpinski,mkarpinski@google.com
Mahaver Chopra,mahaver@google.com
Mahaver Chopra,mahaver@google.com
David Peacock,davidpeacock@google.com
David Peacock,davidpeacock@google.com
Tony Mak,tm.android.apps@gmail.com
Tony Mak,tm.android.apps@gmail.com
Tony Mak,tonymak@google.com
Tony Mak,tonymak@google.com
Tony Mak,tonymak@google.com
Tony Mak,tonymak@google.com
Tony Mak,tonymak@google.com
Tony Mak,tonymak@google.com
Mahaver Chopra,mahaver@google.com
Mahaver Chopra,mahaver@google.com
Tony Mak,tonymak@google.com
Sudheer Shanka,sudheersai@google.com
Sudheer Shanka,sudheersai@google.com
Sudheer Shanka,sudheersai@google.com
David Peacock,davidpeacock@google.com
phweiss,phweiss@google.com
Lenka Trochtova,ltrochtova@google.com
David Peacock,davidpeacock@google.com
Sudheer Shanka,sudheersai@google.com
Sudheer Shanka,sudheersai@google.com
Andrei Stingaceanu,stg@google.com
Sudheer Shanka,sudheersai@google.com
Robin Lee,rgl@google.com
Sudheer Shanka,sudheersai@google.com
Robin Lee,rgl@google.com
Sudheer Shanka,sudheersai@google.com
Sudheer Shanka,sudheersai@google.com
Sudheer Shanka,sudheersai@google.com
Sudheer Shanka,sudheersai@google.com
Sudheer Shanka,sudheersai@google.com
Sudheer Shanka,sudheersai@google.com
Mahaver Chopra,mahaver@google.com
Robin Lee,rgl@google.com
Robin Lee,rgl@google.com
Robin Lee,rgl@google.com
Robin Lee,rgl@google.com
Robin Lee,rgl@google.com
Robin Lee,rgl@google.com
Robin Lee,rgl@google.com
Robin Lee,rgl@google.com
Sudheer Shanka,sudheersai@google.com
Robin Lee,rgl@google.com
Robin Lee,rgl@google.com
Robin Lee,rgl@google.com
Robin Lee,rgl@google.com
Robin Lee,rgl@google.com
Robin Lee,rgl@google.com
Robin Lee,rgl@google.com
Robin Lee,rgl@google.com
Robin Lee,rgl@google.com
Robin Lee,rgl@google.com
Sudheer Shanka,sudheersai@google.com
Sudheer Shanka,sudheersai@google.com
Sudheer Shanka,sudheersai@google.com
Michal Karpinski,mkarpinski@google.com
Robin Lee,rgl@google.com
Michal Karpinski,mkarpinski@google.com
Robin Lee,rgl@google.com
Robin Lee,rgl@google.com
Robin Lee,rgl@google.com
Robin Lee,rgl@google.com
Robin Lee,rgl@google.com
Robin Lee,rgl@google.com
Robin Lee,rgl@google.com
Robin Lee,rgl@google.com
Robin Lee,rgl@google.com
Robin Lee,rgl@google.com
Robin Lee,rgl@google.com
Robin Lee,rgl@google.com
Robin Lee,rgl@google.com
Robin Lee,rgl@google.com
Michal Karpinski,mkarpinski@google.com
Robin Lee,rgl@google.com
Michal Karpinski,mkarpinski@google.com
Mahaver Chopra,mahaver@google.com
Sudheer Shanka,sudheersai@google.com
Robin Lee,rgl@google.com
Robin Lee,rgl@google.com
Victor Chang,vichang@google.com
Sudheer Shanka,sudheersai@google.com
Andrei Stingaceanu,stg@google.com
Andrei Stingaceanu,stg@google.com
Andrei Stingaceanu,stg@google.com
Mahaver Chopra,mahaver@google.com
Robin Lee,rgl@google.com
Robin Lee,rgl@google.com
Sudheer Shanka,sudheersai@google.com
Mahaver Chopra,mahaver@google.com
Esteban Talavera,etalavera@google.com
Nicolas Prévot,nprevot@google.com
Nicolas Prevot,nprevot@google.com
Sudheer Shanka,sudheersai@google.com
Sudheer Shanka,sudheersai@google.com
Sudheer Shanka,sudheersai@google.com
Mahaver Chopra,mahaver@google.com
Mahaver Chopra,mahaver@google.com
Mahaver Chopra,mahaver@google.com
Makoto Onuki,omakoto@google.com
Alan Treadway,alantreadway@google.com
Alan Treadway,alantreadway@google.com
Nicolas Prevot,nprevot@google.com
Nicolas Prevot,nprevot@google.com
Nicolas Prevot,nprevot@google.com
Mahaver Chopra,mahaver@google.com
Mahaver Chopra,mahaver@google.com
Sudheer Shanka,sudheersai@google.com
Sudheer Shanka,sudheersai@google.com
Sudheer Shanka,sudheersai@google.com
Sudheer Shanka,sudheersai@google.com
Makoto Onuki,omakoto@google.com
Sudheer,sudheer17@users.noreply.github.com
Sudheer,sudheer17@users.noreply.github.com
Sudheer,sudheer17@users.noreply.github.com
Sudheer,sudheer17@users.noreply.github.com
Sudheer Shanka,sudheersai@google.com
Sudheer,sudheer17@users.noreply.github.com
Sudheer Shanka,sudheersai@google.com
Sudheer Shanka,sudheersai@google.com
Sudheer Shanka,sudheersai@google.com
Sudheer Shanka,sudheersai@google.com
Sudheer Shanka,sudheersai@google.com
Sudheer Shanka,sudheersai@google.com
Sudheer Shanka,sudheersai@google.com
Sudheer Shanka,sudheersai@google.com
Sudheer Shanka,sudheersai@google.com
Sudheer Shanka,sudheersai@google.com
Sudheer Shanka,sudheersai@google.com
Sudheer Shanka,sudheersai@google.com
Sudheer Shanka,sudheersai@google.com
Sudheer Shanka,sudheersai@google.com
Sudheer Shanka,sudheersai@google.com
Sudheer Shanka,sudheersai@google.com
Sudheer Shanka,sudheersai@google.com
Sudheer Shanka,sudheersai@google.com
Sudheer Shanka,sudheersai@google.com
Sudheer Shanka,sudheersai@google.com
Sudheer Shanka,sudheersai@google.com
Benjamin Franz,bfranz@google.com
Sudheer Shanka,sudheersai@google.com
Sudheer Shanka,sudheersai@google.com
Sudheer Shanka,sudheersai@google.com
Sudheer Shanka,sudheersai@google.com
Sudheer Shanka,sudheersai@google.com
Sudheer Shanka,sudheersai@google.com
Sudheer Shanka,sudheersai@google.com
Sudheer Shanka,sudheersai@google.com
Sudheer Shanka,sudheersai@google.com
Sudheer Shanka,sudheersai@google.com
Sudheer Shanka,sudheersai@google.com
Sudheer Shanka,sudheersai@google.com
Sudheer Shanka,sudheersai@google.com
Sudheer Shanka,sudheersai@google.com
Sudheer Shanka,sudheersai@google.com
Sudheer Shanka,sudheersai@google.com
Sudheer Shanka,sudheersai@google.com
Sudheer Shanka,sudheersai@google.com
Sudheer Shanka,sudheersai@google.com
Sudheer Shanka,sudheersai@google.com
Sudheer Shanka,sudheersai@google.com
Sudheer Shanka,sudheersai@google.com
Benjamin Franz,bfranz@google.com
Sudheer Shanka,sudheersai@google.com
Sudheer Shanka,sudheersai@google.com
Sudheer Shanka,sudheersai@google.com
Sudheer Shanka,sudheersai@google.com
Sudheer Shanka,sudheersai@google.com
Sudheer Shanka,sudheersai@google.com
Sudheer Shanka,sudheersai@google.com
Sudheer Shanka,sudheersai@google.com
Sudheer Shanka,sudheersai@google.com
Sudheer,sudheer17@users.noreply.github.com
Sudheer,sudheer17@users.noreply.github.com
Sudheer,sudheer17@users.noreply.github.com
Sudheer,sudheer17@users.noreply.github.com
Sudheer,sudheer17@users.noreply.github.com
Sudheer,sudheer17@users.noreply.github.com
Sudheer Shanka,sudheersai@google.com
Sudheer Shanka,sudheersai@google.com
Sudheer Shanka,sudheersai@google.com
Sudheer Shanka,sudheersai@google.com
Sudheer Shanka,sudheersai@google.com
Sudheer Shanka,sudheersai@google.com
Sudheer Shanka,sudheersai@google.com
Sudheer Shanka,sudheersai@google.com
Sudheer Shanka,sudheersai@google.com
Sudheer Shanka,sudheersai@google.com
Sudheer Shanka,sudheersai@google.com
Sudheer Shanka,sudheersai@google.com
Sudheer Shanka,sudheersai@google.com
Sudheer Shanka,sudheersai@google.com
Sudheer Shanka,sudheersai@google.com
Sudheer Shanka,sudheersai@google.com
Sudheer Shanka,sudheersai@google.com
Sudheer Shanka,sudheersai@google.com
Benjamin Franz,bfranz@google.com
Sudheer Shanka,sudheersai@google.com
Sudheer Shanka,sudheersai@google.com
Sudheer Shanka,sudheersai@google.com
Sudheer Shanka,sudheersai@google.com
Sudheer Shanka,sudheersai@google.com
Sudheer Shanka,sudheersai@google.com
Sudheer Shanka,sudheersai@google.com
Sudheer Shanka,sudheersai@google.com
Sudheer Shanka,sudheersai@google.com
Sudheer Shanka,sudheersai@google.com
Sudheer Shanka,sudheersai@google.com
Sudheer Shanka,sudheersai@google.com
Sudheer Shanka,sudheersai@google.com
Sudheer Shanka,sudheersai@google.com
Sudheer Shanka,sudheersai@google.com
Sudheer Shanka,sudheersai@google.com
Sudheer Shanka,sudheersai@google.com
Sudheer Shanka,sudheersai@google.com
Sudheer Shanka,sudheersai@google.com
Sudheer Shanka,sudheersai@google.com
Sudheer Shanka,sudheersai@google.com
Sudheer Shanka,sudheersai@google.com
Benjamin Franz,bfranz@google.com
Sudheer Shanka,sudheersai@google.com
Sudheer Shanka,sudheersai@google.com
Sudheer Shanka,sudheersai@google.com
Sudheer Shanka,sudheersai@google.com
Sudheer Shanka,sudheersai@google.com
Sudheer Shanka,sudheersai@google.com
Sudheer Shanka,sudheersai@google.com
Sudheer Shanka,sudheersai@google.com
Sudheer Shanka,sudheersai@google.com
Sudheer Shanka,sudheersai@google.com
Sudheer Shanka,sudheersai@google.com
Sudheer Shanka,sudheersai@google.com
Sudheer Shanka,sudheersai@google.com
Sudheer Shanka,sudheersai@google.com
Sudheer Shanka,sudheersai@google.com
Sudheer Shanka,sudheersai@google.com
Sudheer Shanka,sudheersai@google.com
Sudheer Shanka,sudheersai@google.com
Sudheer Shanka,sudheersai@google.com
Sudheer Shanka,sudheersai@google.com
Sudheer Shanka,sudheersai@google.com
Sudheer Shanka,sudheersai@google.com
Sudheer Shanka,sudheersai@google.com
Sudheer Shanka,sudheersai@google.com
Sudheer Shanka,sudheersai@google.com
Sudheer Shanka,sudheersai@google.com
Sudheer Shanka,sudheersai@google.com
Sudheer Shanka,sudheersai@google.com
Sudheer Shanka,sudheersai@google.com
Sudheer Shanka,sudheersai@google.com
Sudheer Shanka,sudheersai@google.com
Sudheer Shanka,sudheersai@google.com
Sudheer Shanka,sudheersai@google.com
Sudheer Shanka,sudheersai@google.com
Sudheer Shanka,sudheersai@google.com
Benjamin Franz,bfranz@google.com
Sudheer Shanka,sudheersai@google.com
Sudheer Shanka,sudheersai@google.com
Sudheer Shanka,sudheersai@google.com
Sudheer Shanka,sudheersai@google.com
Sudheer Shanka,sudheersai@google.com
Sudheer Shanka,sudheersai@google.com
Sudheer Shanka,sudheersai@google.com
Sudheer Shanka,sudheersai@google.com
Sudheer Shanka,sudheersai@google.com
Sudheer Shanka,sudheersai@google.com
Sudheer Shanka,sudheersai@google.com
Sudheer Shanka,sudheersai@google.com
Sudheer Shanka,sudheersai@google.com
Sudheer Shanka,sudheersai@google.com
Sudheer Shanka,sudheersai@google.com
Sudheer Shanka,sudheersai@google.com
Sudheer Shanka,sudheersai@google.com
Sudheer Shanka,sudheersai@google.com
Sudheer Shanka,sudheersai@google.com
Sudheer Shanka,sudheersai@google.com
Sudheer Shanka,sudheersai@google.com
Sudheer Shanka,sudheersai@google.com
Sudheer Shanka,sudheersai@google.com
Sudheer Shanka,sudheersai@google.com
Sudheer Shanka,sudheersai@google.com
Sudheer Shanka,sudheersai@google.com
Sudheer Shanka,sudheersai@google.com
Sudheer Shanka,sudheersai@google.com
Sudheer Shanka,sudheersai@google.com
Sudheer Shanka,sudheersai@google.com
Sudheer Shanka,sudheersai@google.com
Sudheer Shanka,sudheersai@google.com
Sudheer Shanka,sudheersai@google.com
Sudheer Shanka,sudheersai@google.com
Sudheer Shanka,sudheersai@google.com
Sudheer Shanka,sudheersai@google.com
Benjamin Franz,bfranz@google.com
Benjamin Franz,bfranz@google.com
Sudheer Shanka,sudheersai@google.com
Sudheer Shanka,sudheersai@google.com
Sudheer Shanka,sudheersai@google.com
Sudheer Shanka,sudheersai@google.com
Sudheer Shanka,sudheersai@google.com
Sudheer Shanka,sudheersai@google.com
Baligh Uddin,baligh@google.com
Eric Tang,erictang@google.com
Eric Tang,erictang@google.com
Eric Tang,erictang@google.com
Eric Tang,erictang@google.com
Eric Tang,erictang@google.com
Eric Tang,erictang@google.com
Eric Tang,erictang@google.com
Zoltan Szatmary-Ban,szatmz@google.com
Benjamin Franz,bfranz@google.com
Zoltan Szatmary-Ban,szatmz@google.com
Benjamin Franz,bfranz@google.com
Eric Tang,erictang@google.com
Eric Tang,erictang@google.com
Eric Tang,erictang@google.com
Eric Tang,erictang@google.com
Eric Tang,erictang@google.com
Eric Tang,erictang@google.com
Sudheer Shanka,sudheersai@google.com
Zoltan Szatmary-Ban,szatmz@google.com
Zoltan Szatmary-Ban,szatmz@google.com
Robin Lee,rgl@google.com
Rubin Xu,rubinxu@google.com
Rubin Xu,rubinxu@google.com
Esteban Talavera,etalavera@google.com
Jessica Hummel,jhummel@google.com
Benjamin Franz,bfranz@google.com
Benjamin Franz,bfranz@google.com
Zoltan Szatmary-Ban,szatmz@google.com
Eric Tang,erictang@google.com
Eric Tang,erictang@google.com
Eric Tang,erictang@google.com
Sudheer Shanka,sudheersai@google.com
Rubin Xu,rubinxu@google.com
Eric Tang,erictang@google.com
Rubin Xu,rubinxu@google.com
Rubin Xu,rubinxu@google.com
Bernard Chau,bernardchau@google.com
Steven Ng,stevenckng@google.com
Steven Ng,stevenckng@google.com
Steven Ng,stevenckng@google.com
Steven Ng,stevenckng@google.com
Steven Ng,stevenckng@google.com
Steven Ng,stevenckng@google.com
Steven Ng,stevenckng@google.com
Steven Ng,stevenckng@google.com
Steven Ng,stevenckng@google.com
Steven Ng,stevenckng@google.com
Steven Ng,stevenckng@google.com
Steven Ng,stevenckng@google.com
Steven Ng,stevenckng@google.com
Steven Ng,stevenckng@google.com
Steven Ng,stevenckng@google.com
Steven Ng,stevenckng@google.com
Steven Ng,stevenckng@google.com
Steven Ng,stevenckng@google.com
