Don Turner,dturner@users.noreply.github.com
Don Turner,donturner@google.com
Don Turner,dturner@users.noreply.github.com
Don Turner,donturner@google.com
Don Turner,donturner@google.com
Don Turner,dturner@users.noreply.github.com
Don Turner,donturner@google.com
Don Turner,dturner@users.noreply.github.com
Don Turner,donturner@google.com
Jan-Felix Schmakeit,jfschmakeit@google.com
Jan-Felix Schmakeit,jfschmakeit@google.com
Tiem Song,tiem@google.com
Tiem Song,tiem@google.com
Tiem Song,tiem@google.com
Francisco Guerrero,frankgh@users.noreply.github.com
Francisco Guerrero,frankgh@users.noreply.github.com
Shailen Tuli,shailentuli@google.com
shailen,shailentuli@google.com
Viktor,viks383@yandex.ru
Abhishek Jain,abhishek.jain@emishealth.com
Sam Stern,samstern@google.com
Sam Stern,samstern@google.com
Sam Stern,samstern@google.com
Sam Stern,samstern@google.com
Samuel Stern,samstern@google.com
Shailen Tuli,shailentuli@google.com
Shailen Tuli,shailentuli@google.com
Shailen Tuli,shailentuli@google.com
Shailen Tuli,shailentuli@google.com
Shailen Tuli,shailentuli@google.com
Shailen Tuli,shailentuli@google.com
Shailen Tuli,shailentuli@google.com
Shailen Tuli,shailentuli@google.com
Google Automerger,devrel-build@google.com
Shailen Tuli,shailentuli@google.com
Shailen Tuli,shailentuli@google.com
Shailen Tuli,shailentuli@google.com
Shailen Tuli,shailentuli@google.com
Shailen Tuli,shailentuli@google.com
Shailen Tuli,shailen.tuli@gmail.com
Shailen Tuli,shailentuli@google.com
Seshachalam Malisetti,seshachalam@outlook.com
Carl Partridge,webstuff@fatattitude.com
Shailen Tuli,shailentuli@google.com
Said Tahsin Dane,tasomaniac@gmail.com
Shailen Tuli,shailen.tuli@gmail.com
Shailen Tuli,shailentuli@google.com
Seshachalam Malisetti,seshachalam@outlook.com
Shailen Tuli,shailen.tuli@gmail.com
Shailen Tuli,shailentuli@google.com
Shailen Tuli,shailentuli@google.com
Carl Partridge,webstuff@fatattitude.com
Shailen Tuli,shailentuli@google.com
Paul Rashidi,paulrashidi@google.com
Shailen Tuli,shailentuli@google.com
Shailen Tuli,shailentuli@google.com
Shailen Tuli,shailentuli@google.com
Shailen Tuli,shailentuli@google.com
Shailen Tuli,shailentuli@google.com
Shailen Tuli,shailentuli@google.com
Shailen Tuli,shailentuli@google.com
Shailen Tuli,shailentuli@google.com
Shailen Tuli,shailentuli@google.com
Shailen Tuli,shailentuli@google.com
Shailen Tuli,shailentuli@google.com
Paul Rashidi,paulrashidi@google.com
Paul Rashidi,paulrashidi@google.com
Shailen Tuli,shailentuli@google.com
Shailen Tuli,shailentuli@google.com
Shailen Tuli,shailentuli@google.com
Shailen Tuli,shailentuli@google.com
Shailen Tuli,shailentuli@google.com
Shailen Tuli,shailentuli@google.com
Shailen Tuli,shailentuli@google.com
Shailen Tuli,shailentuli@google.com
Shailen Tuli,shailentuli@google.com
Shailen Tuli,shailentuli@google.com
Shailen Tuli,shailentuli@google.com
Shailen Tuli,shailentuli@google.com
Naoki Ishihara,naoki@google.com
