Nick Felker,fleker@google.com
Nick Felker,fleker@google.com
Nick Felker,fleker@google.com
Nick Felker,fleker@google.com
Nick Felker,fleker@google.com
ATV DevRel,atv-devrel@google.com
Nick Chalko,nchalko@google.com
Nick Chalko,nchalko@google.com
Nick Chalko,nchalko@google.com
ATV DevRel,atv-devrel@google.com
ATV DevRel,atv-devrel@google.com
ATV DevRel,atv-devrel@google.com
Dongwon Kang,dwkang@google.com
Dongwon Kang,dwkang@google.com
Dongwon Kang,dwkang@google.com
Dongwon Kang,dwkang@google.com
ATV DevRel,atv-devrel@google.com
ATV DevRel,atv-devrel@google.com
Conrad Chen,conradchen@google.com
Nick Chalko,nchalko@google.com
Sachit Mishra,sachitm@google.com
Nick Chalko,nchalko@google.com
Nick Chalko,nchalko@google.com
Nick Chalko,nchalko@google.com
Nick Chalko,nchalko@google.com
Nick,handnf@gmail.com
Nick,handnf@gmail.com
Nick,handnf@gmail.com
Nick,handnf@gmail.com
Sachit Mishra,sachitm@google.com
Sachit Mishra,sachitm@google.com
Sachit Mishra,sachitm@google.com
Sachit Mishra,sachitm@google.com
Sachit Mishra,sachitm@google.com
Sachit Mishra,sachitm@google.com
Sachit Mishra,sachitm@google.com
Sachit Mishra,sachitm@google.com
Sachit Mishra,sachitm@google.com
Sachit Mishra,sachitm@google.com
Sachit Mishra,sachitm@google.com
Sachit Mishra,sachitm@google.com
Sachit Mishra,sachitm@google.com
Sachit Mishra,sachitm@google.com
Sachit Mishra,sachitm@google.com
Sachit Mishra,sachitm@google.com
Dongwon Kang,dwkang@google.com
Sachit Mishra,sachitm@google.com
Sachit Mishra,sachitm@google.com
Sachit Mishra,sachitm@google.com
Sachit Mishra,sachitm@google.com
Sachit Mishra,sachitm@google.com
Sachit Mishra,sachitm@google.com
Sachit Mishra,sachitm@google.com
Sachit Mishra,sachitm@google.com
Sachit Mishra,sachitm@google.com
Sachit Mishra,sachitm@google.com
Sachit Mishra,sachitm@google.com
Sachit Mishra,sachitm@google.com
Sachit Mishra,sachitm@google.com
Sachit Mishra,sachitm@google.com
Nick Felker,fleker@google.com
Nick Felker,fleker@google.com
Nick Felker,fleker@google.com
Chulwoo Lee,chulwoo@google.com
Chulwoo Lee,chulwoo@google.com
Chulwoo Lee,chulwoo@google.com
Chulwoo Lee,chulwoo@google.com
Nick Felker,fleker@google.com
Nick Felker,fleker@google.com
Nick Felker,fleker@google.com
Nick Felker,fleker@google.com
Nick Felker,fleker@google.com
Nick Felker,fleker@google.com
Nick Felker,fleker@google.com
Nick Felker,fleker@google.com
Nick Felker,fleker@google.com
Nick Felker,fleker@google.com
Nick Felker,fleker@google.com
Nick Felker,fleker@google.com
Nick Felker,fleker@google.com
Nick Felker,fleker@google.com
Nick Felker,fleker@google.com
Nick Felker,fleker@google.com
Nick Felker,fleker@google.com
Nick Felker,fleker@google.com
Nick Felker,fleker@google.com
Nick Felker,fleker@google.com
Nick Felker,fleker@google.com
Guangyu Chen,guangyuc@google.com
Guangyu Chen,guangyuc@google.com
Dongwon Kang,dwkang@google.com
Guangyu Chen,guangyuc@google.com
Guangyu Chen,guangyuc@google.com
Guangyu Chen,guangyuc@google.com
Nick Felker,fleker@google.com
Nick Felker,fleker@google.com
Nick Felker,fleker@google.com
Guangyu Chen,guangyuc@google.com
Guangyu Chen,guangyuc@google.com
Guangyu Chen,guangyuc@google.com
Nick Felker,fleker@google.com
Guangyu Chen,guangyuc@google.com
Guangyu Chen,guangyuc@google.com
Nick Felker,fleker@google.com
Guangyu Chen,guangyuc@google.com
Guangyu Chen,guangyuc@google.com
Guangyu Chen,guangyuc@google.com
Guangyu Chen,guangyuc@google.com
Guangyu Chen,guangyuc@google.com
Guangyu Chen,guangyuc@google.com
Guangyu Chen,guangyuc@google.com
Guangyu Chen,guangyuc@google.com
Nick Felker,fleker@google.com
Guangyu Chen,guangyuc@google.com
Nick Felker,fleker@google.com
Nick Felker,fleker@google.com
Dongwon Kang,dwkang@google.com
Dongwon Kang,dwkang@google.com
Nick Felker,fleker@google.com
Nick Felker,fleker@google.com
Nick Felker,fleker@google.com
Nick Felker,fleker@google.com
Nick Felker,fleker@google.com
Nick Felker,fleker@google.com
Nick Felker,fleker@google.com
Nick Felker,fleker@google.com
Guangyu Chen,guangyuc@google.com
Dongwon Kang,dwkang@google.com
Ryan Seys,ryanseys@google.com
Jae Seo,jaeseo@google.com
Jae Seo,jaeseo@google.com
Jae Seo,jaeseo@google.com
Jae Seo,jaeseo@google.com
Jae Seo,jaeseo@google.com
Jae Seo,jaeseo@google.com
Ryan Seys,ryanseys@google.com
jiabin,jiabin@google.com
Ryan Seys,ryanseys@google.com
Ryan Seys,ryanseys@google.com
Ryan Seys,ryanseys@google.com
Ryan Seys,ryanseys@google.com
Ryan Seys,ryanseys@google.com
Jae Seo,jaeseo@google.com
Dongwon Kang,dwkang@google.com
Sungsoo Lim,sungsoo@google.com
Sungsoo Lim,sungsoo@google.com
Sungsoo Lim,sungsoo@google.com
Sungsoo Lim,sungsoo@google.com
Jae Seo,jaeseo@google.com
Dongwon Kang,dwkang@google.com
Dongwon Kang,dwkang@google.com
Dongwon Kang,dwkang@google.com
shawn shen,shawnshen@google.com
Dongwon Kang,dwkang@google.com
Dongwon Kang,dwkang@google.com
Dongwon Kang,dwkang@google.com
Jaewan Kim,jaewan@google.com
Dongwon Kang,dwkang@google.com
shawn shen,shawnshen@google.com
shawn shen,shawnshen@google.com
shawn shen,shawnshen@google.com
Dongwon Kang,dwkang@google.com
Shawn Shen,shawnshen@google.com
Shawn Shen,shawnshen@google.com
Shawn Shen,shawnshen@google.com
Dongwon Kang,dwkang@google.com
Dongwon Kang,dwkang@google.com
Dongwon Kang,dwkang@google.com
Dongwon Kang,dwkang@google.com
Dongwon Kang,dwkang@google.com
Dongwon Kang,dwkang@google.com
Shawn S.,sxshen@gmail.com
Shawn S.,sxshen@gmail.com
shawn shen,shawnshen@google.com
shawn shen,shawnshen@google.com
Dongwon Kang,dwkang@google.com
Dongwon Kang,dwkang@google.com
Shawn Shen,shawnshen@google.com
Dongwon Kang,dwkang@google.com
shawn shen,shawnshen@google.com
Dongwon Kang,dwkang@google.com
Google Automerger,devrel-build@google.com
Shawn S.,sxshen@gmail.com
Nick Chalko,nchalko@google.com
Nick Chalko,nchalko@google.com
Shawn Shen,shawnshen@google.com
Nick Chalko,nchalko@google.com
Nick Chalko,nchalko@google.com
Dongwon Kang,dwkang@google.com
Dongwon Kang,dwkang@google.com
shawn shen,shawnshen@google.com
Dongwon Kang,dwkang@google.com
Dongwon Kang,dwkang@google.com
shawn shen,shawnshen@google.com
shawn shen,shawnshen@google.com
shawn shen,shawnshen@google.com
shawn shen,shawnshen@google.com
shawn shen,shawnshen@google.com
Dongwon Kang,dwkang@google.com
shawn shen,shawnshen@google.com
Dongwon Kang,dwkang@google.com
Dongwon Kang,dwkang@google.com
Dongwon Kang,dwkang@google.com
Dongwon Kang,dwkang@google.com
Dongwon Kang,dwkang@google.com
Dongwon Kang,dwkang@google.com
Dongwon Kang,dwkang@google.com
Dongwon Kang,dwkang@google.com
Dongwon Kang,dwkang@google.com
Dongwon Kang,dwkang@google.com
Dongwon Kang,dwkang@google.com
Dongwon Kang,dwkang@google.com
Dongwon Kang,dwkang@google.com
shawn shen,shawnshen@google.com
Naoki Ishihara,naoki@google.com
