Sam,samstern@google.com
Sam,samstern@google.com
Hugo Locurcio,hugo.locurcio@hugo.pro
Sam Stern,samstern@google.com
Sam Stern,samstern@google.com
Sam Stern,samstern@google.com
Nathan West,Lucretiel@users.noreply.github.com
Nathan West,Lucretiel@users.noreply.github.com
Sam Stern,samstern@google.com
tianhui,ytianhui2004@gmail.com
Kevin Cheung,kevincheung@google.com
Arthur Thompson,arthurthompson@google.com
Kevin Cheung,kevinthecheung@users.noreply.github.com
Sam Stern,samstern@google.com
Ibrahim Ulukaya,ulukaya@gmail.com
Ibrahim Ulukaya,ulukaya@gmail.com
Ibrahim Ulukaya,ulukaya@gmail.com
Ibrahim Ulukaya,ulukaya@gmail.com
Ibrahim Ulukaya,ulukaya@gmail.com
Sam Stern,samstern@google.com
Sam Stern,samstern@google.com
Ibrahim Ulukaya,ulukaya@google.com
Ibrahim Ulukaya,ulukaya@google.com
Sam Stern,samstern@google.com
Ibrahim Ulukaya,ulukaya@google.com
Ibrahim Ulukaya,ulukaya@google.com
Ibrahim Ulukaya,ulukaya@google.com
Ibrahim Ulukaya,ulukaya@google.com
Ibrahim Ulukaya,ulukaya@google.com
Sam Stern,samstern@google.com
Sam Stern,samstern@google.com
Frieder Bluemle,frieder.bluemle@gmail.com
Sam,samstern@google.com
Sam,samstern@google.com
Sam Stern,samstern@google.com
Ibrahim Ulukaya,ulukaya@google.com
Sam Stern,samstern@google.com
Frieder Bluemle,frieder.bluemle@gmail.com
Sam Stern,samstern@google.com
m-sabeeh,m.sabeeh32@gmail.com
m-sabeeh,m.sabeeh32@gmail.com
Sam Stern,samstern@google.com
Frieder Bluemle,frieder.bluemle@gmail.com
Sam Stern,samstern@google.com
Frieder Bluemle,frieder.bluemle@gmail.com
Sam Stern,samstern@google.com
Sam Stern,samstern@google.com
Frieder Bluemle,frieder.bluemle@gmail.com
Sam Stern,samstern@google.com
Frieder Bluemle,frieder.bluemle@gmail.com
Sam Stern,samstern@google.com
Frieder Bluemle,frieder.bluemle@gmail.com
Frieder Bluemle,frieder.bluemle@gmail.com
Frieder Bluemle,frieder.bluemle@gmail.com
Sam Stern,samstern@google.com
Samuel Stern,samstern@google.com
Sam Stern,samstern@google.com
Sam Stern,samstern@google.com
Sam Stern,samstern@google.com
Ibrahim Ulukaya,ulukaya@gmail.com
Ibrahim Ulukaya,ulukaya@gmail.com
Ibrahim Ulukaya,ulukaya@google.com
Ibrahim Ulukaya,ulukaya@google.com
Ibrahim Ulukaya,ulukaya@gmail.com
Ibrahim Ulukaya,ulukaya@gmail.com
Ibrahim Ulukaya,ulukaya@gmail.com
Ibrahim Ulukaya,ulukaya@gmail.com
Ibrahim Ulukaya,ulukaya@gmail.com
Ibrahim Ulukaya,ulukaya@google.com
Ibrahim Ulukaya,ulukaya@google.com
Ibrahim Ulukaya,ulukaya@gmail.com
Ibrahim Ulukaya,ulukaya@gmail.com
Ibrahim Ulukaya,ulukaya@gmail.com
Ibrahim Ulukaya,ulukaya@google.com
Ibrahim Ulukaya,ulukaya@google.com
Ibrahim Ulukaya,ulukaya@google.com
Ibrahim Ulukaya,ulukaya@google.com
Ibrahim Ulukaya,ulukaya@google.com
Ibrahim Ulukaya,ulukaya@gmail.com
Ibrahim Ulukaya,ulukaya@google.com
Ibrahim Ulukaya,ulukaya@gmail.com
Ibrahim Ulukaya,ulukaya@gmail.com
Ibrahim Ulukaya,ulukaya@gmail.com
Ibrahim Ulukaya,ulukaya@gmail.com
Ibrahim Ulukaya,ulukaya@gmail.com
Ibrahim Ulukaya,ulukaya@gmail.com
Ibrahim Ulukaya,ulukaya@gmail.com
Ibrahim Ulukaya,ulukaya@gmail.com
Ibrahim Ulukaya,ulukaya@gmail.com
Ibrahim Ulukaya,ulukaya@gmail.com
Ibrahim Ulukaya,ulukaya@google.com
Sam Stern,samstern@google.com
Sam Stern,samstern@google.com
Sam Stern,samstern@google.com
Kevin Cheung,kevinthecheung@users.noreply.github.com
Sam Stern,samstern@google.com
Pavel Chuchuva,Pavel.Chuchuva@software.dell.com
Sam Stern,samstern@google.com
Frieder Bluemle,frieder.bluemle@gmail.com
Frieder Bluemle,frieder.bluemle@gmail.com
Frieder Bluemle,frieder.bluemle@gmail.com
Frieder Bluemle,frieder.bluemle@gmail.com
Sam Stern,samstern@google.com
Frieder Bluemle,frieder.bluemle@gmail.com
Sam Stern,samstern@google.com
Frieder Bluemle,frieder.bluemle@gmail.com
Frieder Bluemle,frieder.bluemle@gmail.com
Frieder Bluemle,frieder.bluemle@gmail.com
Frieder Bluemle,frieder.bluemle@gmail.com
Sam Stern,samstern@google.com
Sam Stern,samstern@google.com
Sam Stern,samstern@google.com
Arthur Thompson,arthurthompson@google.com
Arthur Thompson,arthurthompson@google.com
Sam Stern,samstern@google.com
Sam Stern,samstern@google.com
Frieder Bluemle,frieder.bluemle@gmail.com
Sam Stern,samstern@google.com
Frieder Bluemle,frieder.bluemle@gmail.com
Frieder Bluemle,frieder.bluemle@gmail.com
Sam Stern,samstern@google.com
Frieder Bluemle,frieder.bluemle@gmail.com
Ian Barber,ianbarber@google.com
Ian Barber,ianbarber@google.com
Ian Barber,ianbarber@google.com
Sam Stern,samstern@google.com
Frieder Bluemle,frieder.bluemle@gmail.com
Sam Stern,samstern@google.com
Vivek Kiran,vivek.kiran@outlook.com
Sam Stern,samstern@google.com
Frieder Bluemle,frieder.bluemle@gmail.com
Frieder Bluemle,frieder.bluemle@gmail.com
Sam Stern,samstern@google.com
Frieder Bluemle,frieder.bluemle@gmail.com
Frieder Bluemle,frieder.bluemle@gmail.com
Frieder Bluemle,frieder.bluemle@gmail.com
Sam Stern,samstern@google.com
Peter Heatwole,pheatwole@gmail.com
Kevin Cheung,kevinthecheung@users.noreply.github.com
Kevin Cheung,kevinthecheung@users.noreply.github.com
Ian Barber,ianbarber@google.com
Ibrahim Ulukaya,ulukaya@google.com
Arthur Thompson,arthur.thompson.jr@gmail.com
Navneet Singh,navneet.nks@gmail.com
Sam Stern,samstern@google.com
Sam Stern,samstern@google.com
Frieder Bluemle,frieder.bluemle@gmail.com
Tiem Song,tiem@google.com
Ian Barber,ian.barber@gmail.com
Frieder Bluemle,frieder.bluemle@gmail.com
Frieder Bluemle,frieder.bluemle@gmail.com
Navneet Singh,navneet.nks@gmail.com
Sam Stern,samstern@google.com
Tiem Song,tiem@google.com
Ian Barber,ian.barber@gmail.com
Tiem Song,tiem@google.com
Silvano Luciani,silvano.luciani@gmail.com
Silvano Luciani,silvano.luciani@gmail.com
Sam Stern,samstern@google.com
Frieder Bluemle,frieder.bluemle@gmail.com
Frieder Bluemle,frieder.bluemle@gmail.com
Frieder Bluemle,frieder.bluemle@gmail.com
Arthur Thompson,arthur.thompson.jr@gmail.com
Sam Stern,samstern@google.com
Sam Stern,samstern@google.com
Sam Stern,samstern@google.com
Tiem Song,tiem@google.com
Tiem Song,tiem@google.com
Sam Stern,samstern@google.com
livin21,livinmathew99@gmail.com
Sam Stern,samstern@google.com
Abdelkader Boudih,terminale@gmail.com
Samuel Stern,samstern@google.com
Sam Stern,samstern@google.com
devrel-build,devrel-build@google.com
Arthur Thompson,arthurthompson@google.com
Sam Stern,samstern@google.com
devrel-build,devrel-build@google.com
Gus Class,gguuss@gmail.com
Sam Stern,samstern@google.com
Sam Stern,samstern@google.com
Arthur Thompson,arthur.thompson.jr@gmail.com
Arthur Thompson,arthurthompson@google.com
Dmitriy Groschovskiy,groschovskiy@google.com
Ian Barber,ianbarber@google.com
Ian Barber,ianbarber@google.com
Sam Stern,samstern@google.com
Ian Barber,ian.barber@gmail.com
Sam Stern,samstern@google.com
Sam Stern,samstern@google.com
Ian Barber,ian.barber@gmail.com
Sam Stern,samstern@google.com
Laurence Moroney,lmoroney@gmail.com
Laurence Moroney,lmoroney@gmail.com
Laurence Moroney,lmoroney@gmail.com
Laurence Moroney,lmoroney@gmail.com
Sam Stern,samstern@google.com
Jon Johnson,jonjonsonjr@users.noreply.github.com
Vivek Kiran,vivek.kiran@outlook.com
Vivek Kiran,vivek.kiran@outlook.com
Sam Stern,samstern@google.com
Sam Stern,samstern@google.com
Ian Barber,ianbarber@google.com
Ian Barber,ianbarber@google.com
Arthur Thompson,arthurthompson@google.com
Samuel Stern,samstern@google.com
Sam Stern,samstern@google.com
Samuel Stern,samstern@google.com
Sam Stern,samstern@google.com
devrel-build,devrel-build@google.com
Arthur Thompson,arthur.thompson.jr@gmail.com
Eric Gilmore,egilmore@google.com
Silvano Luciani,silvano@google.com
Silvano Luciani,silvano@google.com
devrel-build,devrel-build@google.com
Arthur Thompson,arthur.thompson.jr@gmail.com
Eric Gilmore,egilmore@google.com
Eric Gilmore,egilmore@google.com
devrel-build,devrel-build@google.com
Sam Thorogood,samthor@users.noreply.github.com
Ian Barber,ianbarber@google.com
Ian Barber,ianbarber@google.com
Silvano Luciani,silvano@google.com
Silvano Luciani,silvano@google.com
Silvano Luciani,silvano@google.com
Silvano Luciani,silvano@google.com
Silvano Luciani,silvano.luciani@gmail.com
Arthur Thompson,arthurthompson@google.com
Arthur Thompson,arthurthompson@google.com
Sam Stern,samstern@google.com
Arthur Thompson,arthur.thompson.jr@gmail.com
Sam Stern,samstern@google.com
Samuel Stern,samstern@google.com
Sam Stern,samstern@google.com
Silvano Luciani,silvano@google.com
Silvano Luciani,silvano@google.com
devrel-build,devrel-build@google.com
Gus Class,class@google.com
devrel-build,devrel-build@google.com
Silvano Luciani,silvano.luciani@gmail.com
Gus Class,class@google.com
Sam Stern,samstern@google.com
Arthur Thompson,arthur.thompson.jr@gmail.com
Sam Stern,samstern@google.com
Ian Barber,ianbarber@google.com
Google Automerger,devrel-build@google.com
Arthur Thompson,arthur.thompson.jr@gmail.com
Ian Barber,ianbarber@google.com
Sam Stern,samstern@google.com
Sam Stern,samstern@google.com
Ian Barber,ianbarber@google.com
Google Automerger,devrel-build@google.com
Sam Stern,samstern@google.com
Sam Stern,samstern@google.com
Ian Barber,ianbarber@google.com
Ian Barber,ianbarber@google.com
Maxim Belsky,public.belsky@gmail.com
Maxim Belsky,public.belsky@gmail.com
Ian Barber,ian.barber@gmail.com
Arthur Thompson,arthurthompson@google.com
Arthur Thompson,arthurthompson@google.com
Google Automerger,devrel-build@google.com
Arthur Thompson,arthur.thompson.jr@gmail.com
Sarge,sausagefactory0@gmail.com
Google Automerger,devrel-build@google.com
Sam Stern,samstern@google.com
Arthur Thompson,arthurthompson@google.com
Google Automerger,devrel-build@google.com
Ian Barber,ian.barber@gmail.com
Arthur Thompson,arthurthompson@google.com
Sam Thorogood,sam.thorogood@gmail.com
Markus Guenther,mukguenther@gmail.com
Google Automerger,devrel-build@google.com
Silvano Luciani,silvano.luciani@gmail.com
Silvano Luciani,silvano.luciani@gmail.com
Silvano Luciani,silvano.luciani@gmail.com
Ian Barber,ianbarber@google.com
Silvano Luciani,silvano.luciani@gmail.com
Silvano Luciani,silvano.luciani@gmail.com
Arthur Thompson,arthurthompson@google.com
Arthur Thompson,arthur.thompson.jr@gmail.com
Silvano Luciani,silvano.luciani@gmail.com
Gus Class,gguuss@gmail.com
Gus Class,class@google.com
Gus Class,gguuss@gmail.com
Gus Class,gguuss@gmail.com
Gus Class,gguuss@gmail.com
Gus Class,class@google.com
Gus Class,gguuss@gmail.com
Gus Class,gguuss@gmail.com
Google Automerger,devrel-build@google.com
Silvano Luciani,silvano.luciani@gmail.com
Google Automerger,devrel-build@google.com
Silvano Luciani,silvano.luciani@gmail.com
Google Automerger,devrel-build@google.com
Arthur Thompson,arthurthompson@google.com
Google Automerger,devrel-build@google.com
Gus Class,gguuss@gmail.com
Gus Class,gguuss@gmail.com
Gus Class,gguuss@gmail.com
Gus Class,gguuss@gmail.com
Google Automerger,devrel-build@google.com
Ian Barber,ian.barber@gmail.com
Kevin Cheung,kevincheung@google.com
Google Automerger,devrel-build@google.com
Ian Barber,ianbarber@google.com
Ian Barber,ian.barber@gmail.com
Sam Stern,samstern@google.com
Brett Morgan,brettmorgan@google.com
Brett Morgan,brettmorgan@google.com
Sam Stern,samstern@google.com
Brett Morgan,brettmorgan@google.com
Brett Morgan,brettmorgan@google.com
Google Automerger,devrel-build@google.com
Ian Barber,ianbarber@google.com
Ian Barber,ian.barber@gmail.com
Silvano Luciani,silvano.luciani@gmail.com
Silvano Luciani,silvano.luciani@gmail.com
Sam Thorogood,thorogood@google.com
Koji Hasegawa,hasegawa@hubsys.co.jp
Google Automerger,devrel-build@google.com
Ian Barber,ianbarber@google.com
Sam Stern,samstern@google.com
Kevin Cheung,kevincheung@google.com
Kevin Cheung,kevincheung@google.com
Kevin Cheung,kevincheung@google.com
Kevin Cheung,kevincheung@google.com
Kevin Cheung,kevincheung@google.com
Silvano Luciani,silvano@google.com
Silvano Luciani,silvano@google.com
Ian Barber,ian.barber@gmail.com
Ian Barber,ian.barber@gmail.com
Arthur Thompson,arthurthompson@google.com
Ben Weiss,benweiss@google.com
Michael Keppler,bananeweizen@gmx.de
Ian Barber,ianbarber@google.com
Ibrahim Ulukaya,ulukaya@google.com
Ibrahim Ulukaya,ulukaya@google.com
Ian Barber,ianbarber@google.com
Ian Barber,ianbarber@google.com
Ian Barber,ianbarber@google.com
Ian Barber,ianbarber@google.com
Arthur Thompson,arthurthompson@google.com
Lee Denison,ldenison@google.com
Lee Denison,ldenison@google.com
Arthur Thompson,arthurthompson@google.com
Lee Denison,ldenison@google.com
Lee Denison,ldenison@google.com
Kalyan Reddy,gkal@google.com
Arthur Thompson,arthurthompson@google.com
Ibrahim Ulukaya,ulukaya@google.com
Ibrahim Ulukaya,ulukaya@google.com
Ian Barber,ianbarber@google.com
Ian Barber,ianbarber@google.com
Ibrahim Ulukaya,ulukaya@google.com
Gus Class,class@google.com
Gus Class,gguuss@gmail.com
Ibrahim Ulukaya,ulukaya@google.com
Ian Barber,ianbarber@google.com
Sam Thorogood,thorogood@google.com
Kalyan Reddy,gkal@google.com
Gus Class,class@google.com
Gus Class,gguuss@gmail.com
Ibrahim Ulukaya,ulukaya@google.com
Silvano Luciani,silvano@google.com
Ibrahim Ulukaya,ulukaya@google.com
Kalyan Reddy,gkal@google.com
Gus Class,class@google.com
Gus Class,gguuss@gmail.com
Silvano Luciani,silvano@google.com
Ian Barber,ianbarber@google.com
Gus Class,class@google.com
Gus Class,gguuss@gmail.com
Ian Barber,ianbarber@google.com
Gus Class,gguuss@gmail.com
Sam Stern,samstern@google.com
Lee Denison,ldenison@google.com
Ian Barber,ianbarber@google.com
Ian Barber,ianbarber@google.com
Arthur Thompson,arthurthompson@google.com
Silvano Luciani,silvano@google.com
Silvano Luciani,silvano@google.com
Ian Barber,ianbarber@google.com
Lee Denison,ldenison@google.com
Silvano Luciani,silvano@google.com
Silvano Luciani,silvano@google.com
Lee Denison,ldenison@google.com
Gus Class,gguuss@gmail.com
Gus Class,class@google.com
Gus Class,gguuss@gmail.com
Lee Denison,ldenison@google.com
Silvano Luciani,silvano@google.com
Silvano Luciani,silvano@google.com
Gus Class,gguuss@gmail.com
Ian Barber,ianbarber@google.com
Arthur Thompson,arthurthompson@google.com
Kalyan Reddy,gkal@google.com
Ian Barber,ianbarber@google.com
Ian Barber,ianbarber@google.com
Arthur Thompson,arthurthompson@google.com
Silvano Luciani,silvano@google.com
Silvano Luciani,silvano@google.com
Arthur Thompson,arthurthompson@google.com
Ibrahim Ulukaya,ulukaya@google.com
Silvano Luciani,silvano@google.com
Silvano Luciani,silvano@google.com
Gus Class,class@google.com
Gus Class,gguuss@gmail.com
Ibrahim Ulukaya,ulukaya@google.com
Ibrahim Ulukaya,ulukaya@google.com
Sam Thorogood,thorogood@google.com
Sam Thorogood,thorogood@google.com
Sam Thorogood,thorogood@google.com
Sam Thorogood,thorogood@google.com
Silvano Luciani,silvano@google.com
Silvano Luciani,silvano@google.com
Gus Class,class@google.com
Gus Class,gguuss@gmail.com
Arthur Thompson,arthurthompson@google.com
Silvano Luciani,silvano@google.com
Silvano Luciani,silvano@google.com
Kalyan Reddy,gkal@google.com
Silvano Luciani,silvano@google.com
Silvano Luciani,silvano@google.com
Silvano Luciani,silvano@google.com
Silvano Luciani,silvano@google.com
Silvano Luciani,silvano@google.com
Silvano Luciani,silvano@google.com
Arthur Thompson,arthurthompson@google.com
Silvano Luciani,silvano@google.com
Silvano Luciani,silvano@google.com
Kalyan Reddy,gkal@google.com
Silvano Luciani,silvano@google.com
Silvano Luciani,silvano@google.com
Sam Stern,samstern@google.com
Sam Stern,samstern@google.com
Sam Stern,samstern@google.com
Sam Stern,samstern@google.com
Shawn Simister,simister@google.com
Ian Barber,ianbarber@google.com
Shawn Simister,simister@google.com
Ian Barber,ianbarber@google.com
Ian Barber,ianbarber@google.com
Silvano Luciani,silvano.luciani@gmail.com
Ian Barber,ianbarber@google.com
Lee Denison,ldenison@google.com
Ibrahim Ulukaya,ulukaya@google.com
Gus Class,class@google.com
Ibrahim Ulukaya,ulukaya@google.com
Gus Class,gguuss@gmail.com
Shawn Simister,simister@google.com
Ian Barber,ianbarber@google.com
Ian Barber,ianbarber@google.com
Ian Barber,ianbarber@google.com
Ian Barber,ianbarber@google.com
Ian Barber,ianbarber@google.com
Ian Barber,ianbarber@google.com
Ian Barber,ianbarber@google.com
Silvano Luciani,silvano@google.com
Silvano Luciani,silvano@google.com
Gus Class,class@google.com
Gus Class,gguuss@gmail.com
Gus Class,gguuss@gmail.com
Lee Denison,ldenison@google.com
Lee Denison,ldenison@google.com
Gus Class,class@google.com
Ibrahim Ulukaya,ulukaya@google.com
Ibrahim Ulukaya,ulukaya@google.com
Silvano Luciani,silvano@google.com
Silvano Luciani,silvano@google.com
Gus Class,gguuss@gmail.com
Sam Thorogood,thorogood@google.com
Ian Barber,ianbarber@google.com
Gus Class,class@google.com
Gus Class,gguuss@gmail.com
Ian Barber,ianbarber@google.com
Kalyan Reddy,gkal@google.com
Sam Thorogood,thorogood@google.com
Ian Barber,ianbarber@google.com
Lee Denison,ldenison@google.com
Kalyan Reddy,gkal@google.com
Ian Barber,ianbarber@google.com
Ian Barber,ianbarber@google.com
Ian Barber,ianbarber@google.com
Ian Barber,ianbarber@google.com
Ian Barber,ianbarber@google.com
Ian Barber,ianbarber@google.com
Gus Class,class@google.com
Sam Thorogood,thorogood@google.com
Sam Thorogood,thorogood@google.com
Sam Thorogood,thorogood@google.com
Sam Thorogood,thorogood@google.com
Gus Class,class@google.com
Shawn Simister,simister@google.com
Gus Class,gguuss@gmail.com
Gus Class,gguuss@gmail.com
Trevor Johns,trevorjohns@google.com
Ian Barber,ianbarber@google.com
Trevor Johns,trevorjohns@google.com
Trevor Johns,trevorjohns@google.com
Ian Barber,ianbarber@google.com
Sam Thorogood,thorogood@google.com
Gus Class,class@google.com
Ian Barber,ianbarber@google.com
Gus Class,gguuss@gmail.com
Ian Barber,ianbarber@google.com
Ian Barber,ianbarber@google.com
Ian Barber,ianbarber@google.com
Sam Thorogood,thorogood@google.com
Sam Thorogood,thorogood@google.com
Sam Stern,samstern@google.com
Silvano Luciani,silvano@google.com
Ibrahim Ulukaya,ulukaya@google.com
Sam Stern,samstern@google.com
Jiuyu Sun,jiuyu@google.com
Benjamin Weiss,benweiss@google.com
Benjamin Weiss,benweiss@google.com
Silvano Luciani,silvano@google.com
Ibrahim Ulukaya,ulukaya@google.com
Jiuyu Sun,jiuyu@google.com
Jiangwei Yu,jiangweiyu@google.com
Jiuyu Sun,jiuyu@google.com
Jiuyu Sun,jiuyu@google.com
Jiuyu Sun,jiuyu@google.com
Jiuyu Sun,jiuyu@google.com
Benjamin Weiss,benweiss@google.com
Ian Barber,ianbarber@google.com
Ian Barber,ianbarber@google.com
Sam Thorogood,thorogood@google.com
Sam Thorogood,thorogood@google.com
Jiangwei Yu,jiangweiyu@google.com
Sam Thorogood,thorogood@google.com
Sam Thorogood,thorogood@google.com
Ian Barber,ianbarber@google.com
Silvano Luciani,silvano@google.com
Gus Class,class@google.com
Gus Class,gguuss@gmail.com
Silvano Luciani,silvano@google.com
Arthur Thompson,arthurthompson@google.com
Kalyan Reddy,gkal@google.com
Sam Stern,samstern@google.com
Gus Class,class@google.com
Gus Class,gguuss@gmail.com
Sam Stern,samstern@google.com
Ian Barber,ianbarber@google.com
Kalyan Reddy,gkal@google.com
Ian Barber,ianbarber@google.com
Gus Class,class@google.com
Gus Class,gguuss@gmail.com
Ibrahim Ulukaya,ulukaya@google.com
Ibrahim Ulukaya,ulukaya@google.com
Sam Stern,samstern@google.com
Silvano Luciani,silvano@google.com
Kalyan Reddy,gkal@google.com
Benjamin Weiss,benweiss@google.com
Sam Thorogood,thorogood@google.com
Kalyan Reddy,gkal@google.com
Sam Thorogood,thorogood@google.com
Sam Thorogood,thorogood@google.com
Silvano Luciani,silvano@google.com
Silvano Luciani,silvano@google.com
Sam Thorogood,thorogood@google.com
Silvano Luciani,silvano@google.com
Silvano Luciani,silvano@google.com
Sam Thorogood,thorogood@google.com
Sam Thorogood,thorogood@google.com
Sam Stern,samstern@google.com
Silvano Luciani,silvano@google.com
Silvano Luciani,silvano@google.com
Silvano Luciani,silvano@google.com
Ibrahim Ulukaya,ulukaya@google.com
Arthur Thompson,arthurthompson@google.com
Benjamin Weiss,benweiss@google.com
Silvano Luciani,silvano@google.com
Silvano Luciani,silvano@google.com
Sam Thorogood,thorogood@google.com
Silvano Luciani,silvano@google.com
Gus Class,class@google.com
Gus Class,gguuss@gmail.com
Arthur Thompson,arthurthompson@google.com
Ibrahim Ulukaya,ulukaya@google.com
Gus Class,class@google.com
Gus Class,gguuss@gmail.com
Benjamin Weiss,benweiss@google.com
Kalyan Reddy,gkal@google.com
Silvano Luciani,silvano@google.com
Shawn Simister,simister@google.com
Silvano Luciani,silvano@google.com
Gus Class,class@google.com
Ibrahim Ulukaya,ulukaya@google.com
Sam Stern,samstern@google.com
Ibrahim Ulukaya,ulukaya@google.com
Benjamin Weiss,benweiss@google.com
Sam Thorogood,thorogood@google.com
Sam Thorogood,thorogood@google.com
Gus Class,class@google.com
Sam Thorogood,thorogood@google.com
Gus Class,gguuss@gmail.com
Sam Thorogood,thorogood@google.com
Sam Thorogood,thorogood@google.com
Sam Thorogood,thorogood@google.com
Sam Stern,samstern@google.com
Kalyan Reddy,gkal@google.com
Gus Class,class@google.com
Sam Thorogood,thorogood@google.com
Sam Thorogood,thorogood@google.com
Silvano Luciani,silvano@google.com
Shawn Simister,simister@google.com
Gus Class,class@google.com
Gus Class,class@google.com
Gus Class,class@google.com
Gus Class,class@google.com
Sam Stern,samstern@google.com
Kalyan Reddy,gkal@google.com
Kalyan Reddy,gkal@google.com
Gus Class,class@google.com
Sam Thorogood,thorogood@google.com
Sam Thorogood,thorogood@google.com
Luke Mahe,lukem@google.com
Sam Thorogood,thorogood@google.com
Sam Thorogood,thorogood@google.com
Sam Thorogood,sam.thorogood@gmail.com
Gus Class,class@google.com
Ibrahim Ulukaya,ulukaya@google.com
Gus Class,class@google.com
Gus Class,class@google.com
Gus Class,class@google.com
Gus Class,class@google.com
Gus Class,class@google.com
Naoki Ishihara,naoki@google.com
