artisancreek,mark.wilhelm@artisancreek.com
artisancreek,mark.wilhelm@artisancreek.com
Jakub Pavlík,severus@post.cz
Marit van Dijk,mlvandijk@gmail.com
Greg Turnquist,gturnquist@pivotal.io
christos-P,cpaisios@gmail.com
christos-P,cpaisios@gmail.com
John Patrick,nhoj.patrick@gmail.com
Greg Turnquist,gturnquist@pivotal.io
John Patrick,nhoj.patrick@gmail.com
Greg Turnquist,gturnquist@pivotal.io
Greg Turnquist,gturnquist@pivotal.io
Greg Turnquist,gturnquist@pivotal.io
Greg Turnquist,gturnquist@pivotal.io
Greg Turnquist,gturnquist@pivotal.io
Greg Turnquist,gturnquist@pivotal.io
Greg Turnquist,gturnquist@pivotal.io
Greg Turnquist,gturnquist@pivotal.io
Greg Turnquist,gturnquist@pivotal.io
Greg Turnquist,gturnquist@pivotal.io
Christian Schlichtherle,christian@schlichtherle.de
Dave Syer,dsyer@pivotal.io
Greg Turnquist,gturnquist@pivotal.io
Greg Turnquist,gturnquist@pivotal.io
Greg Turnquist,gturnquist@pivotal.io
Greg Turnquist,gturnquist@pivotal.io
Greg Turnquist,gturnquist@pivotal.io
Greg Turnquist,gturnquist@pivotal.io
Greg Turnquist,gturnquist@pivotal.io
Greg Turnquist,gturnquist@pivotal.io
Greg Turnquist,gturnquist@pivotal.io
Greg Turnquist,gturnquist@pivotal.io
Greg Turnquist,gturnquist@pivotal.io
Greg Turnquist,gturnquist@pivotal.io
Greg Turnquist,gturnquist@pivotal.io
Greg Turnquist,gturnquist@pivotal.io
Greg Turnquist,gturnquist@pivotal.io
Greg Turnquist,gturnquist@pivotal.io
Dave Syer,dsyer@pivotal.io
Greg Turnquist,gturnquist@gopivotal.com
Greg Turnquist,gturnquist@gopivotal.com
Greg Turnquist,gturnquist@gopivotal.com
Greg Turnquist,gturnquist@gopivotal.com
Greg Turnquist,gturnquist@gopivotal.com
Greg Turnquist,gturnquist@gopivotal.com
Greg Turnquist,gturnquist@gopivotal.com
Greg Turnquist,gturnquist@gopivotal.com
Greg Turnquist,gturnquist@gopivotal.com
Greg Turnquist,gturnquist@gopivotal.com
Greg Turnquist,gturnquist@gopivotal.com
Greg Turnquist,gturnquist@gopivotal.com
Greg Turnquist,gturnquist@gopivotal.com
Josh Long,josh@joshlong.com or josh.long@springsource.com
Josh Long,josh@joshlong.com or josh.long@springsource.com
Josh Long,josh@joshlong.com or josh.long@springsource.com
Josh Long,josh@joshlong.com or josh.long@springsource.com
Josh Long,josh@joshlong.com
Josh Long,josh@joshlong.com or josh.long@springsource.com
Josh Long,josh@joshlong.com or josh.long@springsource.com
Josh Long,josh@joshlong.com
Josh Long,josh@joshlong.com or josh.long@springsource.com
Josh Long,josh@joshlong.com or josh.long@springsource.com
Josh Long,josh@joshlong.com or josh.long@springsource.com
Josh Long,josh@joshlong.com
Josh Long,josh@joshlong.com or josh.long@springsource.com
Josh Long,josh@joshlong.com
